{"cameraMode":{"drawMode":0,"name":"Shaded","section":"Shading Mode"},"sceneLighting":true,"audioPlay":false,"sceneViewState":{"showFog":true,"showMaterialUpdate":true,"showSkybox":true,"showFlares":true,"showImageEffects":true,"showParticleSystems":true},"in2DMode":false,"pivot":{"x":1.2202552556991578,"y":0.9186935424804688,"z":-1.018464207649231},"rotation":{"x":0.01694062165915966,"y":-0.9715610146522522,"z":0.07330648601055145,"w":0.22452080249786378},"size":5.001509666442871,"orthographic":false}